,Driver,Team,GrandPrix,Laps,Length,LapTime,Compound,AvgSpeed,MaxSpeed,QualiPos,RacePos
0,Lewis Hamilton,Mercedes,Bahrain Grand Prix,56.0,5378.50277777778,89.385,SOFT,217.5040214477212,314,2.0,1.0
1,Max Verstappen,Red Bull Racing,Bahrain Grand Prix,56.0,5378.50277777778,88.997,SOFT,218.3423180592992,315,1.0,2.0
2,Valtteri Bottas,Mercedes,Bahrain Grand Prix,56.0,5378.50277777778,89.586,SOFT,216.87399463806972,312,3.0,3.0
3,Lando Norris,McLaren,Bahrain Grand Prix,56.0,5378.50277777778,89.974,SOFT,215.94385026737967,316,7.0,4.0
4,Sergio Perez,Red Bull Racing,Bahrain Grand Prix,56.0,5378.50277777778,90.659,MEDIUM,214.904,310,0.0,5.0
5,Charles Leclerc,Ferrari,Bahrain Grand Prix,56.0,5378.50277777778,89.678,SOFT,216.54545454545453,316,4.0,6.0
6,Daniel Ricciardo,McLaren,Bahrain Grand Prix,56.0,5378.50277777778,89.927,SOFT,215.9385026737968,315,6.0,7.0
7,Carlos Sainz,Ferrari,Bahrain Grand Prix,56.0,5378.50277777778,90.215,SOFT,215.232,314,8.0,8.0
8,Yuki Tsunoda,AlphaTauri,Bahrain Grand Prix,56.0,5378.50277777778,91.203,MEDIUM,213.57519788918205,317,13.0,9.0
9,Lance Stroll,Aston Martin,Bahrain Grand Prix,56.0,5378.50277777778,90.601,SOFT,214.34308510638297,312,10.0,10.0
10,Kimi Räikkönen,Alfa Romeo Racing,Bahrain Grand Prix,56.0,5378.50277777778,91.238,SOFT,212.96560846560845,320,14.0,11.0
11,Antonio Giovinazzi,Alfa Romeo Racing,Bahrain Grand Prix,56.0,5378.50277777778,90.708,SOFT,214.23936170212767,320,12.0,12.0
12,Esteban Ocon,Alpine,Bahrain Grand Prix,56.0,5378.50277777778,91.724,SOFT,212.4278215223097,318,16.0,13.0
13,George Russell,Williams,Bahrain Grand Prix,56.0,5378.50277777778,93.43,SOFT,207.90231362467867,313,15.0,14.0
14,Sebastian Vettel,Aston Martin,Bahrain Grand Prix,56.0,5378.50277777778,92.056,SOFT,210.89528795811518,318,20.0,15.0
15,Mick Schumacher,Haas F1 Team,Bahrain Grand Prix,56.0,5378.50277777778,92.449,SOFT,211.015625,315,18.0,16.0
16,Pierre Gasly,AlphaTauri,Bahrain Grand Prix,56.0,5378.50277777778,89.809,SOFT,216.70933333333332,318,5.0,17.0
17,Nicholas Latifi,Williams,Bahrain Grand Prix,56.0,5378.50277777778,91.936,SOFT,211.56020942408378,319,17.0,18.0
18,Fernando Alonso,Alpine,Bahrain Grand Prix,56.0,5378.50277777778,90.249,SOFT,215.72074468085106,314,9.0,19.0
19,Nikita Mazepin,Haas F1 Team,Bahrain Grand Prix,56.0,5378.50277777778,93.273,SOFT,209.1237113402062,325,19.0,20.0
20,Max Verstappen,Red Bull Racing,Emilia Romagna Grand Prix,63.0,4891.73888888889,74.498,SOFT,237.2,325,3.0,1.0
21,Lewis Hamilton,Mercedes,Emilia Romagna Grand Prix,63.0,4891.73888888889,74.411,SOFT,237.66883116883116,322,1.0,2.0
22,Lando Norris,McLaren,Emilia Romagna Grand Prix,63.0,4891.73888888889,74.875,SOFT,236.4258064516129,320,7.0,3.0
23,Charles Leclerc,Ferrari,Emilia Romagna Grand Prix,63.0,4891.73888888889,74.74,SOFT,236.87459807073955,320,4.0,4.0
24,Carlos Sainz,Ferrari,Emilia Romagna Grand Prix,63.0,4891.73888888889,75.199,SOFT,235.70833333333334,321,11.0,5.0
25,Daniel Ricciardo,McLaren,Emilia Romagna Grand Prix,63.0,4891.73888888889,74.826,SOFT,236.32797427652733,324,6.0,6.0
26,Pierre Gasly,AlphaTauri,Emilia Romagna Grand Prix,63.0,4891.73888888889,74.79,SOFT,236.8653846153846,322,5.0,7.0
27,Lance Stroll,Aston Martin,Emilia Romagna Grand Prix,63.0,4891.73888888889,75.176,SOFT,235.08306709265176,325,10.0,8.0
28,Esteban Ocon,Alpine,Emilia Romagna Grand Prix,63.0,4891.73888888889,75.21,SOFT,235.0096153846154,325,9.0,9.0
29,Fernando Alonso,Alpine,Emilia Romagna Grand Prix,63.0,4891.73888888889,75.593,SOFT,234.156050955414,327,15.0,10.0
30,Sergio Perez,Red Bull Racing,Emilia Romagna Grand Prix,63.0,4891.73888888889,74.446,SOFT,237.50485436893203,323,2.0,11.0
31,Kimi Räikkönen,Alfa Romeo Racing,Emilia Romagna Grand Prix,63.0,4891.73888888889,75.974,SOFT,232.83174603174604,328,16.0,13.0
32,Antonio Giovinazzi,Alfa Romeo Racing,Emilia Romagna Grand Prix,63.0,4891.73888888889,76.122,SOFT,233.0063492063492,324,17.0,14.0
33,Sebastian Vettel,Aston Martin,Emilia Romagna Grand Prix,63.0,4891.73888888889,75.394,SOFT,234.3343949044586,321,0.0,15.0
34,Mick Schumacher,Haas F1 Team,Emilia Romagna Grand Prix,63.0,4891.73888888889,76.279,SOFT,231.75632911392404,324,18.0,16.0
35,Nikita Mazepin,Haas F1 Team,Emilia Romagna Grand Prix,63.0,4891.73888888889,76.797,SOFT,230.78301886792454,324,19.0,17.0
36,Valtteri Bottas,Mercedes,Emilia Romagna Grand Prix,63.0,4891.73888888889,74.898,SOFT,236.23397435897436,319,8.0,18.0
37,George Russell,Williams,Emilia Romagna Grand Prix,63.0,4891.73888888889,75.261,SOFT,234.64743589743588,327,12.0,19.0
38,Nicholas Latifi,Williams,Emilia Romagna Grand Prix,63.0,4891.73888888889,75.593,SOFT,234.2324840764331,324,14.0,20.0
39,Lewis Hamilton,Mercedes,Portuguese Grand Prix,66.0,4627.693055555555,78.355,SOFT,213.37846153846155,317,2.0,1.0
40,Max Verstappen,Red Bull Racing,Portuguese Grand Prix,66.0,4627.693055555555,78.746,SOFT,211.59633027522935,316,3.0,2.0
41,Valtteri Bottas,Mercedes,Portuguese Grand Prix,66.0,4627.693055555555,78.348,SOFT,212.9104938271605,314,1.0,3.0
42,Sergio Perez,Red Bull Racing,Portuguese Grand Prix,66.0,4627.693055555555,78.89,SOFT,211.88957055214723,315,4.0,4.0
43,Lando Norris,McLaren,Portuguese Grand Prix,66.0,4627.693055555555,79.116,SOFT,211.11620795107032,315,7.0,5.0
44,Charles Leclerc,Ferrari,Portuguese Grand Prix,66.0,4627.693055555555,79.306,SOFT,210.22256097560975,314,8.0,6.0
45,Esteban Ocon,Alpine,Portuguese Grand Prix,66.0,4627.693055555555,79.042,SOFT,211.64741641337386,320,6.0,7.0
46,Fernando Alonso,Alpine,Portuguese Grand Prix,66.0,4627.693055555555,79.456,SOFT,210.42296072507554,319,13.0,8.0
47,Daniel Ricciardo,McLaren,Portuguese Grand Prix,66.0,4627.693055555555,79.839,SOFT,209.38253012048193,317,16.0,9.0
48,Pierre Gasly,AlphaTauri,Portuguese Grand Prix,66.0,4627.693055555555,79.475,SOFT,209.80851063829786,315,9.0,10.0
49,Carlos Sainz,Ferrari,Portuguese Grand Prix,66.0,4627.693055555555,79.039,SOFT,210.9969512195122,315,5.0,11.0
50,Antonio Giovinazzi,Alfa Romeo Racing,Portuguese Grand Prix,66.0,4627.693055555555,79.216,SOFT,210.7355623100304,319,12.0,12.0
51,Sebastian Vettel,Aston Martin,Portuguese Grand Prix,66.0,4627.693055555555,79.659,SOFT,209.76132930513594,323,10.0,13.0
52,Lance Stroll,Aston Martin,Portuguese Grand Prix,66.0,4627.693055555555,79.913,SOFT,208.81570996978851,315,17.0,14.0
53,Yuki Tsunoda,AlphaTauri,Portuguese Grand Prix,66.0,4627.693055555555,79.463,SOFT,210.33534743202418,319,14.0,15.0
54,George Russell,Williams,Portuguese Grand Prix,66.0,4627.693055555555,79.109,SOFT,210.96048632218844,326,11.0,16.0
55,Mick Schumacher,Haas F1 Team,Portuguese Grand Prix,66.0,4627.693055555555,80.452,SOFT,208.42388059701491,317,19.0,17.0
56,Nicholas Latifi,Williams,Portuguese Grand Prix,66.0,4627.693055555555,80.285,SOFT,207.97305389221557,321,18.0,18.0
57,Nikita Mazepin,Haas F1 Team,Portuguese Grand Prix,66.0,4627.693055555555,80.912,SOFT,206.67261904761904,316,20.0,19.0
58,Kimi Räikkönen,Alfa Romeo Racing,Portuguese Grand Prix,66.0,4627.693055555555,79.812,MEDIUM,209.0453172205438,317,15.0,20.0
59,Lewis Hamilton,Mercedes,Spanish Grand Prix,66.0,4678.788888888888,76.741,SOFT,219.06896551724137,316,1.0,1.0
60,Max Verstappen,Red Bull Racing,Spanish Grand Prix,66.0,4678.788888888888,76.777,SOFT,219.64375,316,2.0,2.0
61,Valtteri Bottas,Mercedes,Spanish Grand Prix,66.0,4678.788888888888,76.873,SOFT,218.99686520376176,316,3.0,3.0
62,Charles Leclerc,Ferrari,Spanish Grand Prix,66.0,4678.788888888888,77.51,SOFT,216.82298136645963,318,4.0,4.0
63,Sergio Perez,Red Bull Racing,Spanish Grand Prix,66.0,4678.788888888888,77.701,SOFT,216.8328173374613,318,8.0,5.0
64,Daniel Ricciardo,McLaren,Spanish Grand Prix,66.0,4678.788888888888,77.622,SOFT,217.12383900928793,318,7.0,6.0
65,Carlos Sainz,Ferrari,Spanish Grand Prix,66.0,4678.788888888888,77.62,SOFT,217.09006211180125,315,6.0,7.0
66,Lando Norris,McLaren,Spanish Grand Prix,66.0,4678.788888888888,78.01,SOFT,215.64197530864197,315,9.0,8.0
67,Esteban Ocon,Alpine,Spanish Grand Prix,66.0,4678.788888888888,77.58,SOFT,217.1733746130031,320,5.0,9.0
68,Pierre Gasly,AlphaTauri,Spanish Grand Prix,66.0,4678.788888888888,77.982,SOFT,216.3312693498452,313,12.0,10.0
69,Lance Stroll,Aston Martin,Spanish Grand Prix,66.0,4678.788888888888,77.974,SOFT,215.64596273291926,319,11.0,11.0
70,Kimi Räikkönen,Alfa Romeo Racing,Spanish Grand Prix,66.0,4678.788888888888,78.917,SOFT,213.25076452599387,329,17.0,12.0
71,Sebastian Vettel,Aston Martin,Spanish Grand Prix,66.0,4678.788888888888,78.079,SOFT,215.54489164086687,323,13.0,13.0
72,George Russell,Williams,Spanish Grand Prix,66.0,4678.788888888888,79.154,SOFT,212.6018237082067,315,15.0,14.0
73,Antonio Giovinazzi,Alfa Romeo Racing,Spanish Grand Prix,66.0,4678.788888888888,78.356,SOFT,215.28440366972478,327,14.0,15.0
74,Nicholas Latifi,Williams,Spanish Grand Prix,66.0,4678.788888888888,79.219,SOFT,212.6890243902439,321,19.0,16.0
75,Fernando Alonso,Alpine,Spanish Grand Prix,66.0,4678.788888888888,78.147,SOFT,215.33742331288343,319,10.0,17.0
76,Mick Schumacher,Haas F1 Team,Spanish Grand Prix,66.0,4678.788888888888,79.117,SOFT,212.89329268292684,324,18.0,18.0
77,Nikita Mazepin,Haas F1 Team,Spanish Grand Prix,66.0,4678.788888888888,79.807,SOFT,211.4090909090909,326,20.0,19.0
78,Yuki Tsunoda,AlphaTauri,Spanish Grand Prix,66.0,4678.788888888888,78.556,SOFT,214.3753846153846,312,16.0,20.0
79,Max Verstappen,Red Bull Racing,Monaco Grand Prix,78.0,3263.0552777777775,70.576,SOFT,167.35494880546077,287,2.0,1.0
80,Carlos Sainz,Ferrari,Monaco Grand Prix,78.0,3263.0552777777775,70.611,SOFT,168.18707482993196,288,4.0,2.0
81,Lando Norris,McLaren,Monaco Grand Prix,78.0,3263.0552777777775,70.62,SOFT,167.2517006802721,286,5.0,3.0
82,Sergio Perez,Red Bull Racing,Monaco Grand Prix,78.0,3263.0552777777775,71.573,SOFT,164.9023569023569,287,9.0,4.0
83,Sebastian Vettel,Aston Martin,Monaco Grand Prix,78.0,3263.0552777777775,71.419,SOFT,165.5151515151515,288,8.0,5.0
84,Pierre Gasly,AlphaTauri,Monaco Grand Prix,78.0,3263.0552777777775,70.9,SOFT,166.3322033898305,286,6.0,6.0
85,Lewis Hamilton,Mercedes,Monaco Grand Prix,78.0,3263.0552777777775,71.095,SOFT,166.52364864864865,289,7.0,7.0
86,Lance Stroll,Aston Martin,Monaco Grand Prix,78.0,3263.0552777777775,71.6,SOFT,164.93939393939394,289,13.0,8.0
87,Esteban Ocon,Alpine,Monaco Grand Prix,78.0,3263.0552777777775,71.486,SOFT,165.3838383838384,289,11.0,9.0
88,Antonio Giovinazzi,Alfa Romeo Racing,Monaco Grand Prix,78.0,3263.0552777777775,71.779,SOFT,164.85570469798657,287,10.0,10.0
89,Kimi Räikkönen,Alfa Romeo Racing,Monaco Grand Prix,78.0,3263.0552777777775,71.642,SOFT,165.25503355704697,289,14.0,11.0
90,Daniel Ricciardo,McLaren,Monaco Grand Prix,78.0,3263.0552777777775,71.598,SOFT,165.0738255033557,290,12.0,12.0
91,Fernando Alonso,Alpine,Monaco Grand Prix,78.0,3263.0552777777775,72.205,SOFT,163.64214046822744,289,17.0,13.0
92,George Russell,Williams,Monaco Grand Prix,78.0,3263.0552777777775,71.83,SOFT,164.8227424749164,290,15.0,14.0
93,Nicholas Latifi,Williams,Monaco Grand Prix,78.0,3263.0552777777775,72.366,SOFT,163.31333333333333,291,18.0,15.0
94,Yuki Tsunoda,AlphaTauri,Monaco Grand Prix,78.0,3263.0552777777775,72.096,SOFT,164.14333333333335,289,16.0,16.0
95,Nikita Mazepin,Haas F1 Team,Monaco Grand Prix,78.0,3263.0552777777775,72.958,SOFT,162.45544554455446,287,19.0,17.0
96,Valtteri Bottas,Mercedes,Monaco Grand Prix,78.0,3263.0552777777775,70.601,SOFT,167.3095238095238,288,3.0,19.0
97,Charles Leclerc,Ferrari,Monaco Grand Prix,78.0,3263.0552777777775,70.346,SOFT,168.22525597269623,287,1.0,20.0
98,Sergio Perez,Red Bull Racing,Azerbaijan Grand Prix,51.0,5941.950833333334,101.917,SOFT,210.3096926713948,329,6.0,1.0
99,Sebastian Vettel,Aston Martin,Azerbaijan Grand Prix,51.0,5941.950833333334,102.224,SOFT,210.06103286384976,327,11.0,2.0
100,Pierre Gasly,AlphaTauri,Azerbaijan Grand Prix,51.0,5941.950833333334,101.565,SOFT,210.98345153664303,329,4.0,3.0
101,Charles Leclerc,Ferrari,Azerbaijan Grand Prix,51.0,5941.950833333334,101.218,SOFT,211.63571428571427,333,1.0,4.0
102,Lando Norris,McLaren,Azerbaijan Grand Prix,51.0,5941.950833333334,101.747,SOFT,210.63593380614657,325,9.0,5.0
103,Fernando Alonso,Alpine,Azerbaijan Grand Prix,51.0,5941.950833333334,102.327,SOFT,208.94823529411764,334,8.0,6.0
104,Yuki Tsunoda,AlphaTauri,Azerbaijan Grand Prix,51.0,5941.950833333334,102.211,SOFT,209.57042253521126,326,7.0,7.0
105,Carlos Sainz,Ferrari,Azerbaijan Grand Prix,51.0,5941.950833333334,101.576,SOFT,210.67298578199052,327,5.0,8.0
106,Daniel Ricciardo,McLaren,Azerbaijan Grand Prix,51.0,5941.950833333334,102.558,SOFT,209.33177570093457,326,13.0,9.0
107,Kimi Räikkönen,Alfa Romeo Racing,Azerbaijan Grand Prix,51.0,5941.950833333334,102.587,SOFT,209.32159624413146,328,14.0,10.0
108,Valtteri Bottas,Mercedes,Azerbaijan Grand Prix,51.0,5941.950833333334,102.659,SOFT,208.93240093240092,324,10.0,12.0
109,Mick Schumacher,Haas F1 Team,Azerbaijan Grand Prix,51.0,5941.950833333334,104.158,SOFT,206.18055555555554,329,17.0,13.0
110,Nikita Mazepin,Haas F1 Team,Azerbaijan Grand Prix,51.0,5941.950833333334,104.238,SOFT,206.2309468822171,326,18.0,14.0
111,Lewis Hamilton,Mercedes,Azerbaijan Grand Prix,51.0,5941.950833333334,101.45,SOFT,210.9245283018868,334,2.0,15.0
112,Nicholas Latifi,Williams,Azerbaijan Grand Prix,51.0,5941.950833333334,103.128,SOFT,0.0,0,16.0,16.0
113,George Russell,Williams,Azerbaijan Grand Prix,51.0,5941.950833333334,102.758,SOFT,209.21545667447307,328,15.0,17.0
114,Max Verstappen,Red Bull Racing,Azerbaijan Grand Prix,51.0,5941.950833333334,101.563,SOFT,211.09478672985782,329,3.0,18.0
115,Esteban Ocon,Alpine,Azerbaijan Grand Prix,51.0,5941.950833333334,102.273,SOFT,209.06338028169014,333,12.0,20.0
116,Max Verstappen,Red Bull Racing,French Grand Prix,53.0,5744.006666666666,89.99,SOFT,230.94385026737967,329,1.0,1.0
117,Lewis Hamilton,Mercedes,French Grand Prix,53.0,5744.006666666666,90.248,SOFT,230.22933333333333,325,2.0,2.0
118,Sergio Perez,Red Bull Racing,French Grand Prix,53.0,5744.006666666666,90.445,SOFT,229.77718832891247,328,4.0,3.0
119,Valtteri Bottas,Mercedes,French Grand Prix,53.0,5744.006666666666,90.376,SOFT,230.01861702127658,327,3.0,4.0
120,Lando Norris,McLaren,French Grand Prix,53.0,5744.006666666666,91.252,SOFT,227.80263157894737,326,8.0,5.0
121,Daniel Ricciardo,McLaren,French Grand Prix,53.0,5744.006666666666,91.382,SOFT,227.501312335958,326,10.0,6.0
122,Pierre Gasly,AlphaTauri,French Grand Prix,53.0,5744.006666666666,90.868,SOFT,229.0395778364116,325,6.0,7.0
123,Fernando Alonso,Alpine,French Grand Prix,53.0,5744.006666666666,91.34,SOFT,227.8421052631579,328,9.0,8.0
124,Sebastian Vettel,Aston Martin,French Grand Prix,53.0,5744.006666666666,91.767,MEDIUM,226.4461942257218,325,12.0,9.0
125,Lance Stroll,Aston Martin,French Grand Prix,53.0,5744.006666666666,132.584,SOFT,156.7404718693285,322,19.0,10.0
126,Carlos Sainz,Ferrari,French Grand Prix,53.0,5744.006666666666,90.84,SOFT,228.79310344827587,325,5.0,11.0
127,George Russell,Williams,French Grand Prix,53.0,5744.006666666666,92.065,MEDIUM,226.31151832460733,327,14.0,12.0
128,Esteban Ocon,Alpine,French Grand Prix,53.0,5744.006666666666,91.736,MEDIUM,226.90526315789472,328,11.0,14.0
129,Antonio Giovinazzi,Alfa Romeo Racing,French Grand Prix,53.0,5744.006666666666,91.813,SOFT,226.59736842105264,328,13.0,15.0
130,Charles Leclerc,Ferrari,French Grand Prix,53.0,5744.006666666666,90.987,SOFT,228.70448548812664,325,7.0,16.0
131,Kimi Räikkönen,Alfa Romeo Racing,French Grand Prix,53.0,5744.006666666666,93.354,SOFT,222.77634961439588,323,17.0,17.0
132,Nicholas Latifi,Williams,French Grand Prix,53.0,5744.006666666666,93.062,SOFT,222.5,328,16.0,18.0
133,Mick Schumacher,Haas F1 Team,French Grand Prix,53.0,5744.006666666666,92.942,SOFT,223.85714285714286,328,15.0,19.0
134,Nikita Mazepin,Haas F1 Team,French Grand Prix,53.0,5744.006666666666,93.554,SOFT,222.47300771208225,325,18.0,20.0
135,Max Verstappen,Red Bull Racing,Styrian Grand Prix,71.0,4293.992500000002,63.841,SOFT,242.43233082706766,321,1.0,1.0
136,Lewis Hamilton,Mercedes,Styrian Grand Prix,71.0,4293.992500000002,64.067,SOFT,241.56603773584905,318,2.0,2.0
137,Valtteri Bottas,Mercedes,Styrian Grand Prix,71.0,4293.992500000002,64.035,SOFT,241.87218045112783,319,5.0,3.0
138,Sergio Perez,Red Bull Racing,Styrian Grand Prix,71.0,4293.992500000002,64.168,SOFT,241.6954887218045,320,4.0,4.0
139,Lando Norris,McLaren,Styrian Grand Prix,71.0,4293.992500000002,64.12,SOFT,240.9699248120301,323,3.0,5.0
140,Carlos Sainz,Ferrari,Styrian Grand Prix,71.0,4293.992500000002,64.8,SOFT,238.9182156133829,314,12.0,6.0
141,Charles Leclerc,Ferrari,Styrian Grand Prix,71.0,4293.992500000002,64.472,SOFT,240.2462686567164,316,7.0,7.0
142,Lance Stroll,Aston Martin,Styrian Grand Prix,71.0,4293.992500000002,64.708,SOFT,239.42379182156134,317,9.0,8.0
143,Fernando Alonso,Alpine,Styrian Grand Prix,71.0,4293.992500000002,64.574,SOFT,240.6007462686567,322,8.0,9.0
144,Yuki Tsunoda,AlphaTauri,Styrian Grand Prix,71.0,4293.992500000002,64.514,SOFT,240.3582089552239,316,11.0,10.0
145,Kimi Räikkönen,Alfa Romeo Racing,Styrian Grand Prix,71.0,4293.992500000002,65.429,SOFT,237.05535055350555,319,18.0,11.0
146,Sebastian Vettel,Aston Martin,Styrian Grand Prix,71.0,4293.992500000002,64.875,SOFT,238.92592592592592,315,14.0,12.0
147,Daniel Ricciardo,McLaren,Styrian Grand Prix,71.0,4293.992500000002,64.808,SOFT,238.94814814814814,321,13.0,13.0
148,Esteban Ocon,Alpine,Styrian Grand Prix,71.0,4293.992500000002,65.217,SOFT,237.85977859778598,317,17.0,14.0
149,Antonio Giovinazzi,Alfa Romeo Racing,Styrian Grand Prix,71.0,4293.992500000002,64.913,SOFT,239.6420664206642,323,15.0,15.0
150,Mick Schumacher,Haas F1 Team,Styrian Grand Prix,71.0,4293.992500000002,66.041,SOFT,235.492700729927,316,19.0,16.0
151,Nicholas Latifi,Williams,Styrian Grand Prix,71.0,4293.992500000002,65.175,SOFT,237.76666666666668,322,16.0,17.0
152,Nikita Mazepin,Haas F1 Team,Styrian Grand Prix,71.0,4293.992500000002,66.192,SOFT,235.02545454545455,318,20.0,18.0
153,George Russell,Williams,Styrian Grand Prix,71.0,4293.992500000002,64.671,SOFT,239.6096654275093,322,10.0,19.0
154,Pierre Gasly,AlphaTauri,Styrian Grand Prix,71.0,4293.992500000002,64.236,SOFT,241.30337078651687,322,6.0,20.0
155,Max Verstappen,Red Bull Racing,Austrian Grand Prix,71.0,4284.966666666664,63.72,SOFT,242.99622641509433,320,1.0,1.0
156,Valtteri Bottas,Mercedes,Austrian Grand Prix,71.0,4284.966666666664,64.049,SOFT,241.86466165413535,315,5.0,2.0
157,Lando Norris,McLaren,Austrian Grand Prix,71.0,4284.966666666664,63.768,SOFT,242.56439393939394,321,2.0,3.0
158,Lewis Hamilton,Mercedes,Austrian Grand Prix,71.0,4284.966666666664,64.014,SOFT,242.42857142857142,314,4.0,4.0
159,Carlos Sainz,Ferrari,Austrian Grand Prix,71.0,4284.966666666664,64.559,MEDIUM,240.1003717472119,317,10.0,5.0
160,Sergio Perez,Red Bull Racing,Austrian Grand Prix,71.0,4284.966666666664,63.99,SOFT,242.27169811320755,322,3.0,6.0
161,Daniel Ricciardo,McLaren,Austrian Grand Prix,71.0,4284.966666666664,64.719,SOFT,239.3085501858736,318,13.0,7.0
162,Charles Leclerc,Ferrari,Austrian Grand Prix,71.0,4284.966666666664,64.6,MEDIUM,239.62081784386618,316,12.0,8.0
163,Pierre Gasly,AlphaTauri,Austrian Grand Prix,71.0,4284.966666666664,64.107,SOFT,241.35471698113207,322,6.0,9.0
164,Fernando Alonso,Alpine,Austrian Grand Prix,71.0,4284.966666666664,64.856,SOFT,239.2888888888889,318,14.0,10.0
165,George Russell,Williams,Austrian Grand Prix,71.0,4284.966666666664,64.591,SOFT,240.07835820895522,324,8.0,11.0
166,Yuki Tsunoda,AlphaTauri,Austrian Grand Prix,71.0,4284.966666666664,64.273,SOFT,241.0639097744361,322,7.0,12.0
167,Lance Stroll,Aston Martin,Austrian Grand Prix,71.0,4284.966666666664,64.618,SOFT,239.65671641791045,319,9.0,13.0
168,Antonio Giovinazzi,Alfa Romeo Racing,Austrian Grand Prix,71.0,4284.966666666664,65.083,SOFT,238.61764705882354,318,15.0,14.0
169,Kimi Räikkönen,Alfa Romeo Racing,Austrian Grand Prix,71.0,4284.966666666664,65.009,SOFT,239.0962962962963,323,16.0,15.0
170,Nicholas Latifi,Williams,Austrian Grand Prix,71.0,4284.966666666664,65.195,SOFT,237.47407407407408,321,18.0,16.0
171,Sebastian Vettel,Aston Martin,Austrian Grand Prix,71.0,4284.966666666664,64.57,SOFT,239.95505617977528,320,11.0,17.0
172,Mick Schumacher,Haas F1 Team,Austrian Grand Prix,71.0,4284.966666666664,65.427,SOFT,237.5,321,19.0,18.0
173,Nikita Mazepin,Haas F1 Team,Austrian Grand Prix,71.0,4284.966666666664,65.951,SOFT,235.71532846715328,317,20.0,19.0
174,Esteban Ocon,Alpine,Austrian Grand Prix,71.0,4284.966666666664,65.051,SOFT,238.53703703703704,315,17.0,20.0
175,Lewis Hamilton,Mercedes,British Grand Prix,52.0,5806.680833333332,86.134,SOFT,243.95251396648044,325,2.0,1.0
176,Charles Leclerc,Ferrari,British Grand Prix,52.0,5806.680833333332,86.828,SOFT,241.707182320442,324,4.0,2.0
177,Valtteri Bottas,Mercedes,British Grand Prix,52.0,5806.680833333332,86.328,SOFT,243.1274238227147,320,3.0,3.0
178,Lando Norris,McLaren,British Grand Prix,52.0,5806.680833333332,86.897,SOFT,241.1578947368421,322,5.0,4.0
179,Daniel Ricciardo,McLaren,British Grand Prix,52.0,5806.680833333332,86.899,SOFT,241.4847645429363,323,6.0,5.0
180,Carlos Sainz,Ferrari,British Grand Prix,52.0,5806.680833333332,87.007,SOFT,241.0137741046832,321,10.0,6.0
181,Fernando Alonso,Alpine,British Grand Prix,52.0,5806.680833333332,87.245,SOFT,240.4696132596685,325,7.0,7.0
182,Lance Stroll,Aston Martin,British Grand Prix,52.0,5806.680833333332,87.665,SOFT,239.18904109589042,325,14.0,8.0
183,Esteban Ocon,Alpine,British Grand Prix,52.0,5806.680833333332,87.34,SOFT,240.29201101928373,325,9.0,9.0
184,Yuki Tsunoda,AlphaTauri,British Grand Prix,52.0,5806.680833333332,88.043,SOFT,238.31880108991825,327,16.0,10.0
185,Pierre Gasly,AlphaTauri,British Grand Prix,52.0,5806.680833333332,87.273,SOFT,240.1129476584022,324,11.0,11.0
186,George Russell,Williams,British Grand Prix,52.0,5806.680833333332,86.971,SOFT,241.05234159779613,322,12.0,12.0
187,Antonio Giovinazzi,Alfa Romeo Racing,British Grand Prix,52.0,5806.680833333332,87.617,SOFT,239.5934065934066,327,15.0,13.0
188,Nicholas Latifi,Williams,British Grand Prix,52.0,5806.680833333332,88.254,SOFT,237.66212534059946,323,17.0,14.0
189,Kimi Räikkönen,Alfa Romeo Racing,British Grand Prix,52.0,5806.680833333332,88.062,SOFT,238.36338797814207,328,13.0,15.0
190,Sergio Perez,Red Bull Racing,British Grand Prix,52.0,5806.680833333332,86.844,SOFT,241.8836565096953,323,0.0,16.0
191,Nikita Mazepin,Haas F1 Team,British Grand Prix,52.0,5806.680833333332,89.051,SOFT,235.51612903225808,327,19.0,17.0
192,Mick Schumacher,Haas F1 Team,British Grand Prix,52.0,5806.680833333332,88.738,SOFT,236.35675675675677,326,18.0,18.0
193,Sebastian Vettel,Aston Martin,British Grand Prix,52.0,5806.680833333332,87.179,SOFT,240.72802197802199,324,8.0,19.0
194,Max Verstappen,Red Bull Racing,British Grand Prix,52.0,5806.680833333332,86.209,SOFT,243.44444444444446,321,1.0,20.0
195,Esteban Ocon,Alpine,Hungarian Grand Prix,70.0,4349.969444444448,76.653,SOFT,204.80564263322884,308,8.0,1.0
196,Lewis Hamilton,Mercedes,Hungarian Grand Prix,70.0,4349.969444444448,75.419,SOFT,207.20382165605096,312,1.0,2.0
197,Carlos Sainz,Ferrari,Hungarian Grand Prix,70.0,4349.969444444448,76.649,SOFT,204.22397476340694,314,15.0,3.0
198,Fernando Alonso,Alpine,Hungarian Grand Prix,70.0,4349.969444444448,76.715,SOFT,204.25157232704402,308,9.0,4.0
199,Pierre Gasly,AlphaTauri,Hungarian Grand Prix,70.0,4349.969444444448,76.483,SOFT,205.0378548895899,309,5.0,5.0
200,Yuki Tsunoda,AlphaTauri,Hungarian Grand Prix,70.0,4349.969444444448,77.919,SOFT,201.06172839506172,307,16.0,6.0
201,Nicholas Latifi,Williams,Hungarian Grand Prix,70.0,4349.969444444448,78.036,SOFT,201.16666666666666,314,18.0,7.0
202,George Russell,Williams,Hungarian Grand Prix,70.0,4349.969444444448,77.944,SOFT,201.4123076923077,310,17.0,8.0
203,Max Verstappen,Red Bull Racing,Hungarian Grand Prix,70.0,4349.969444444448,75.84,SOFT,206.5047619047619,312,3.0,9.0
204,Kimi Räikkönen,Alfa Romeo Racing,Hungarian Grand Prix,70.0,4349.969444444448,77.564,SOFT,202.00623052959503,320,13.0,10.0
205,Daniel Ricciardo,McLaren,Hungarian Grand Prix,70.0,4349.969444444448,76.871,SOFT,203.56289308176102,314,11.0,11.0
206,Antonio Giovinazzi,Alfa Romeo Racing,Hungarian Grand Prix,70.0,4349.969444444448,77.583,SOFT,202.00934579439252,319,0.0,13.0
207,Nikita Mazepin,Haas F1 Team,Hungarian Grand Prix,70.0,4349.969444444448,78.922,SOFT,198.5382262996942,319,19.0,14.0
208,Lando Norris,McLaren,Hungarian Grand Prix,70.0,4349.969444444448,76.489,SOFT,205.02201257861634,312,6.0,15.0
209,Valtteri Bottas,Mercedes,Hungarian Grand Prix,70.0,4349.969444444448,75.734,SOFT,206.18789808917197,310,2.0,16.0
210,Sergio Perez,Red Bull Racing,Hungarian Grand Prix,70.0,4349.969444444448,76.421,SOFT,205.32915360501568,308,4.0,17.0
211,Charles Leclerc,Ferrari,Hungarian Grand Prix,70.0,4349.969444444448,76.496,SOFT,204.49685534591194,311,7.0,18.0
212,Lance Stroll,Aston Martin,Hungarian Grand Prix,70.0,4349.969444444448,76.893,SOFT,203.60815047021944,315,12.0,19.0
213,Sebastian Vettel,Aston Martin,Hungarian Grand Prix,70.0,4349.969444444448,76.75,SOFT,204.00940438871473,311,10.0,20.0
214,Max Verstappen,Red Bull Racing,Dutch Grand Prix,72.0,4228.281111111111,68.885,SOFT,221.55944055944056,309,1.0,1.0
215,Lewis Hamilton,Mercedes,Dutch Grand Prix,72.0,4228.281111111111,68.923,SOFT,221.1567944250871,316,2.0,2.0
216,Valtteri Bottas,Mercedes,Dutch Grand Prix,72.0,4228.281111111111,69.222,SOFT,220.10416666666666,314,3.0,3.0
217,Pierre Gasly,AlphaTauri,Dutch Grand Prix,72.0,4228.281111111111,69.478,SOFT,219.46020761245674,309,4.0,4.0
218,Charles Leclerc,Ferrari,Dutch Grand Prix,72.0,4228.281111111111,69.527,SOFT,219.79584775086505,308,5.0,5.0
219,Fernando Alonso,Alpine,Dutch Grand Prix,72.0,4228.281111111111,69.956,SOFT,218.36426116838487,314,9.0,6.0
220,Carlos Sainz,Ferrari,Dutch Grand Prix,72.0,4228.281111111111,69.537,SOFT,219.2941176470588,309,6.0,7.0
221,Sergio Perez,Red Bull Racing,Dutch Grand Prix,72.0,4228.281111111111,70.53,SOFT,216.17747440273038,311,0.0,8.0
222,Esteban Ocon,Alpine,Dutch Grand Prix,72.0,4228.281111111111,69.933,SOFT,218.29896907216494,313,8.0,9.0
223,Lando Norris,McLaren,Dutch Grand Prix,72.0,4228.281111111111,70.406,SOFT,217.1326530612245,308,13.0,10.0
224,Daniel Ricciardo,McLaren,Dutch Grand Prix,72.0,4228.281111111111,70.166,SOFT,218.21575342465752,312,10.0,11.0
225,Lance Stroll,Aston Martin,Dutch Grand Prix,72.0,4228.281111111111,70.367,SOFT,217.23549488054607,310,12.0,12.0
226,Sebastian Vettel,Aston Martin,Dutch Grand Prix,72.0,4228.281111111111,70.731,SOFT,216.04421768707482,311,15.0,13.0
227,Antonio Giovinazzi,Alfa Romeo Racing,Dutch Grand Prix,72.0,4228.281111111111,69.59,SOFT,219.3598615916955,317,7.0,14.0
228,Nicholas Latifi,Williams,Dutch Grand Prix,72.0,4228.281111111111,71.161,SOFT,214.63636363636363,311,0.0,16.0
229,George Russell,Williams,Dutch Grand Prix,72.0,4228.281111111111,70.332,SOFT,216.8566552901024,311,11.0,17.0
230,Mick Schumacher,Haas F1 Team,Dutch Grand Prix,72.0,4228.281111111111,71.387,SOFT,213.78040540540542,319,17.0,18.0
231,Yuki Tsunoda,AlphaTauri,Dutch Grand Prix,72.0,4228.281111111111,71.314,SOFT,214.06756756756758,307,14.0,19.0
232,Nikita Mazepin,Haas F1 Team,Dutch Grand Prix,72.0,4228.281111111111,71.875,SOFT,212.27333333333334,312,18.0,20.0
233,Daniel Ricciardo,McLaren,Italian Grand Prix,53.0,5739.039166666669,79.995,SOFT,259.4698795180723,338,2.0,1.0
234,Lando Norris,McLaren,Italian Grand Prix,53.0,5739.039166666669,79.989,SOFT,259.38253012048193,337,3.0,2.0
235,Valtteri Bottas,Mercedes,Italian Grand Prix,53.0,5739.039166666669,79.555,SOFT,260.63746223564954,338,19.0,3.0
236,Charles Leclerc,Ferrari,Italian Grand Prix,53.0,5739.039166666669,80.51,SOFT,257.54328358208954,335,5.0,4.0
237,Sergio Perez,Red Bull Racing,Italian Grand Prix,53.0,5739.039166666669,80.611,SOFT,257.4047619047619,330,8.0,5.0
238,Carlos Sainz,Ferrari,Italian Grand Prix,53.0,5739.039166666669,80.462,SOFT,257.6377245508982,335,6.0,6.0
239,Lance Stroll,Aston Martin,Italian Grand Prix,53.0,5739.039166666669,81.02,SOFT,256.1279761904762,339,9.0,7.0
240,Fernando Alonso,Alpine,Italian Grand Prix,53.0,5739.039166666669,81.069,SOFT,255.81845238095238,341,10.0,8.0
241,George Russell,Williams,Italian Grand Prix,53.0,5739.039166666669,81.392,SOFT,254.8343195266272,343,14.0,9.0
242,Esteban Ocon,Alpine,Italian Grand Prix,53.0,5739.039166666669,81.103,SOFT,255.61011904761904,340,12.0,10.0
243,Nicholas Latifi,Williams,Italian Grand Prix,53.0,5739.039166666669,81.925,SOFT,253.3284457478006,336,13.0,11.0
244,Sebastian Vettel,Aston Martin,Italian Grand Prix,53.0,5739.039166666669,80.913,SOFT,256.2358208955224,335,11.0,12.0
245,Antonio Giovinazzi,Alfa Romeo Racing,Italian Grand Prix,53.0,5739.039166666669,80.808,SOFT,256.9791666666667,342,7.0,13.0
246,Mick Schumacher,Haas F1 Team,Italian Grand Prix,53.0,5739.039166666669,82.248,SOFT,252.60526315789474,339,18.0,15.0
247,Nikita Mazepin,Haas F1 Team,Italian Grand Prix,53.0,5739.039166666669,82.716,SOFT,250.6889534883721,342,16.0,16.0
248,Lewis Hamilton,Mercedes,Italian Grand Prix,53.0,5739.039166666669,79.651,SOFT,260.6163141993958,338,4.0,17.0
249,Max Verstappen,Red Bull Racing,Italian Grand Prix,53.0,5739.039166666669,79.966,SOFT,259.38922155688624,335,1.0,18.0
250,Pierre Gasly,AlphaTauri,Italian Grand Prix,53.0,5739.039166666669,80.26,SOFT,258.35735735735733,332,0.0,19.0
251,Yuki Tsunoda,AlphaTauri,Italian Grand Prix,53.0,5739.039166666669,81.973,SOFT,253.03235294117647,333,0.0,20.0
252,Valtteri Bottas,Mercedes,Turkish Grand Prix,58.0,5253.795277777781,82.998,SOFT,228.25872093023256,324,1.0,1.0
253,Max Verstappen,Red Bull Racing,Turkish Grand Prix,58.0,5253.795277777781,83.196,SOFT,227.9159420289855,314,2.0,2.0
254,Sergio Perez,Red Bull Racing,Turkish Grand Prix,58.0,5253.795277777781,83.706,SOFT,226.54178674351584,318,6.0,3.0
255,Charles Leclerc,Ferrari,Turkish Grand Prix,58.0,5253.795277777781,83.265,SOFT,227.54335260115607,323,3.0,4.0
256,Lewis Hamilton,Mercedes,Turkish Grand Prix,58.0,5253.795277777781,82.868,SOFT,228.28695652173914,321,11.0,5.0
257,Pierre Gasly,AlphaTauri,Turkish Grand Prix,58.0,5253.795277777781,83.326,SOFT,227.70231213872833,321,4.0,6.0
258,Lando Norris,McLaren,Turkish Grand Prix,58.0,5253.795277777781,83.954,SOFT,226.1005747126437,319,7.0,7.0
259,Carlos Sainz,Ferrari,Turkish Grand Prix,58.0,5253.795277777781,85.177,SOFT,222.54107648725213,320,19.0,8.0
260,Lance Stroll,Aston Martin,Turkish Grand Prix,58.0,5253.795277777781,84.305,SOFT,225.31428571428572,319,8.0,9.0
261,Esteban Ocon,Alpine,Turkish Grand Prix,58.0,5253.795277777781,84.842,MEDIUM,223.3456090651558,327,12.0,10.0
262,Antonio Giovinazzi,Alfa Romeo Racing,Turkish Grand Prix,58.0,5253.795277777781,86.43,SOFT,219.41899441340783,328,16.0,11.0
263,Kimi Räikkönen,Alfa Romeo Racing,Turkish Grand Prix,58.0,5253.795277777781,87.525,SOFT,217.0879120879121,329,17.0,12.0
264,Daniel Ricciardo,McLaren,Turkish Grand Prix,58.0,5253.795277777781,85.881,SOFT,220.47191011235955,319,20.0,13.0
265,Yuki Tsunoda,AlphaTauri,Turkish Grand Prix,58.0,5253.795277777781,84.368,SOFT,224.7037037037037,321,9.0,14.0
266,George Russell,Williams,Turkish Grand Prix,58.0,5253.795277777781,85.007,SOFT,223.34745762711864,316,13.0,15.0
267,Fernando Alonso,Alpine,Turkish Grand Prix,58.0,5253.795277777781,83.477,SOFT,227.1387283236994,320,5.0,16.0
268,Nicholas Latifi,Williams,Turkish Grand Prix,58.0,5253.795277777781,86.086,SOFT,219.91364902506965,330,15.0,17.0
269,Sebastian Vettel,Aston Martin,Turkish Grand Prix,58.0,5253.795277777781,84.795,MEDIUM,223.92592592592592,320,10.0,18.0
270,Mick Schumacher,Haas F1 Team,Turkish Grand Prix,58.0,5253.795277777781,85.2,SOFT,223.01694915254237,320,14.0,19.0
271,Nikita Mazepin,Haas F1 Team,Turkish Grand Prix,58.0,5253.795277777781,88.449,SOFT,214.99455040871933,328,18.0,20.0
272,Max Verstappen,Red Bull Racing,United States Grand Prix,56.0,5435.470277777779,92.91,SOFT,210.8372093023256,319,1.0,1.0
273,Lewis Hamilton,Mercedes,United States Grand Prix,56.0,5435.470277777779,93.119,SOFT,210.57364341085272,324,2.0,2.0
274,Sergio Perez,Red Bull Racing,United States Grand Prix,56.0,5435.470277777779,93.134,SOFT,210.340206185567,319,3.0,3.0
275,Charles Leclerc,Ferrari,United States Grand Prix,56.0,5435.470277777779,93.606,SOFT,209.5655526992288,323,4.0,4.0
276,Daniel Ricciardo,McLaren,United States Grand Prix,56.0,5435.470277777779,93.808,SOFT,209.04358974358973,323,6.0,5.0
277,Valtteri Bottas,Mercedes,United States Grand Prix,56.0,5435.470277777779,93.475,SOFT,209.8611825192802,323,9.0,6.0
278,Carlos Sainz,Ferrari,United States Grand Prix,56.0,5435.470277777779,93.792,SOFT,209.21994884910487,322,5.0,7.0
279,Lando Norris,McLaren,United States Grand Prix,56.0,5435.470277777779,93.887,SOFT,208.50383631713555,323,7.0,8.0
280,Yuki Tsunoda,AlphaTauri,United States Grand Prix,56.0,5435.470277777779,94.918,SOFT,206.34430379746834,322,10.0,9.0
281,Sebastian Vettel,Aston Martin,United States Grand Prix,56.0,5435.470277777779,95.5,SOFT,205.510101010101,320,18.0,10.0
282,Antonio Giovinazzi,Alfa Romeo Racing,United States Grand Prix,56.0,5435.470277777779,95.794,MEDIUM,204.98992443324937,326,12.0,11.0
283,Lance Stroll,Aston Martin,United States Grand Prix,56.0,5435.470277777779,95.983,SOFT,204.21804511278197,316,13.0,12.0
284,Kimi Räikkönen,Alfa Romeo Racing,United States Grand Prix,56.0,5435.470277777779,96.311,SOFT,203.8778054862843,324,15.0,13.0
285,George Russell,Williams,United States Grand Prix,56.0,5435.470277777779,95.73,MEDIUM,204.90931989924434,322,20.0,14.0
286,Nicholas Latifi,Williams,United States Grand Prix,56.0,5435.470277777779,95.995,SOFT,204.315,319,14.0,15.0
287,Mick Schumacher,Haas F1 Team,United States Grand Prix,56.0,5435.470277777779,96.499,SOFT,202.985,320,16.0,16.0
288,Nikita Mazepin,Haas F1 Team,United States Grand Prix,56.0,5435.470277777779,96.796,SOFT,202.5099502487562,320,17.0,17.0
289,Fernando Alonso,Alpine,United States Grand Prix,56.0,5435.470277777779,104.549,SOFT,186.86836027713625,314,19.0,18.0
290,Esteban Ocon,Alpine,United States Grand Prix,56.0,5435.470277777779,95.377,MEDIUM,205.9949494949495,330,11.0,19.0
291,Pierre Gasly,AlphaTauri,United States Grand Prix,56.0,5435.470277777779,94.118,SOFT,208.48081841432224,323,8.0,20.0
292,Max Verstappen,Red Bull Racing,Mexico City Grand Prix,71.0,4242.141944444446,76.225,SOFT,201.05379746835442,339,3.0,1.0
293,Lewis Hamilton,Mercedes,Mexico City Grand Prix,71.0,4242.141944444446,76.02,SOFT,201.15555555555557,348,2.0,2.0
294,Sergio Perez,Red Bull Racing,Mexico City Grand Prix,71.0,4242.141944444446,76.342,SOFT,200.46056782334384,338,4.0,3.0
295,Pierre Gasly,AlphaTauri,Mexico City Grand Prix,71.0,4242.141944444446,76.456,SOFT,199.8328075709779,351,5.0,4.0
296,Charles Leclerc,Ferrari,Mexico City Grand Prix,71.0,4242.141944444446,76.837,SOFT,199.090625,347,8.0,5.0
297,Carlos Sainz,Ferrari,Mexico City Grand Prix,71.0,4242.141944444446,76.761,SOFT,199.8181818181818,346,6.0,6.0
298,Sebastian Vettel,Aston Martin,Mexico City Grand Prix,71.0,4242.141944444446,77.746,MEDIUM,196.91640866873064,346,9.0,7.0
299,Kimi Räikkönen,Alfa Romeo Racing,Mexico City Grand Prix,71.0,4242.141944444446,77.958,MEDIUM,196.91950464396285,350,10.0,8.0
300,Fernando Alonso,Alpine,Mexico City Grand Prix,71.0,4242.141944444446,78.452,SOFT,194.920245398773,343,12.0,9.0
301,Lando Norris,McLaren,Mexico City Grand Prix,71.0,4242.141944444446,96.83,SOFT,158.51492537313433,332,18.0,10.0
302,Antonio Giovinazzi,Alfa Romeo Racing,Mexico City Grand Prix,71.0,4242.141944444446,78.29,MEDIUM,195.3969230769231,348,11.0,11.0
303,Daniel Ricciardo,McLaren,Mexico City Grand Prix,71.0,4242.141944444446,76.763,SOFT,198.73981191222572,353,7.0,12.0
304,Esteban Ocon,Alpine,Mexico City Grand Prix,71.0,4242.141944444446,78.405,SOFT,195.03374233128835,341,19.0,13.0
305,Lance Stroll,Aston Martin,Mexico City Grand Prix,71.0,4242.141944444446,80.873,SOFT,186.21130952380952,344,20.0,14.0
306,Valtteri Bottas,Mercedes,Mexico City Grand Prix,71.0,4242.141944444446,75.875,SOFT,201.54777070063693,346,1.0,15.0
307,George Russell,Williams,Mexico City Grand Prix,71.0,4242.141944444446,78.172,SOFT,195.72307692307692,345,16.0,16.0
308,Nicholas Latifi,Williams,Mexico City Grand Prix,71.0,4242.141944444446,78.756,SOFT,194.43425076452598,345,13.0,17.0
309,Nikita Mazepin,Haas F1 Team,Mexico City Grand Prix,71.0,4242.141944444446,79.303,SOFT,193.00911854103344,343,15.0,18.0
310,Mick Schumacher,Haas F1 Team,Mexico City Grand Prix,71.0,4242.141944444446,78.858,SOFT,193.8960244648318,343,14.0,19.0
311,Yuki Tsunoda,AlphaTauri,Mexico City Grand Prix,71.0,4242.141944444446,77.158,SOFT,198.416149068323,341,17.0,20.0
312,Lewis Hamilton,Mercedes,São Paulo Grand Prix,71.0,4224.095555555554,67.934,SOFT,224.69858156028369,325,10.0,1.0
313,Max Verstappen,Red Bull Racing,São Paulo Grand Prix,71.0,4224.095555555554,68.372,SOFT,223.38947368421051,324,2.0,2.0
314,Valtteri Bottas,Mercedes,São Paulo Grand Prix,71.0,4224.095555555554,68.469,SOFT,222.83859649122806,323,1.0,3.0
315,Sergio Perez,Red Bull Racing,São Paulo Grand Prix,71.0,4224.095555555554,68.483,SOFT,223.22535211267606,324,4.0,4.0
316,Charles Leclerc,Ferrari,São Paulo Grand Prix,71.0,4224.095555555554,68.96,SOFT,220.83216783216784,325,6.0,5.0
317,Carlos Sainz,Ferrari,São Paulo Grand Prix,71.0,4224.095555555554,68.826,SOFT,221.72027972027973,324,3.0,6.0
318,Pierre Gasly,AlphaTauri,São Paulo Grand Prix,71.0,4224.095555555554,68.777,SOFT,221.7122807017544,322,7.0,7.0
319,Esteban Ocon,Alpine,São Paulo Grand Prix,71.0,4224.095555555554,69.189,SOFT,220.98263888888889,324,8.0,8.0
320,Fernando Alonso,Alpine,São Paulo Grand Prix,71.0,4224.095555555554,69.113,SOFT,220.97222222222223,323,12.0,9.0
321,Lando Norris,McLaren,São Paulo Grand Prix,71.0,4224.095555555554,68.98,SOFT,221.1083916083916,326,5.0,10.0
322,Sebastian Vettel,Aston Martin,São Paulo Grand Prix,71.0,4224.095555555554,69.399,SOFT,220.76124567474048,321,9.0,11.0
323,Kimi Räikkönen,Alfa Romeo Racing,São Paulo Grand Prix,71.0,4224.095555555554,69.503,SOFT,219.75432525951558,332,0.0,12.0
324,George Russell,Williams,São Paulo Grand Prix,71.0,4224.095555555554,69.953,SOFT,218.57731958762886,322,17.0,13.0
325,Antonio Giovinazzi,Alfa Romeo Racing,São Paulo Grand Prix,71.0,4224.095555555554,70.227,SOFT,217.5807560137457,329,13.0,14.0
326,Yuki Tsunoda,AlphaTauri,São Paulo Grand Prix,71.0,4224.095555555554,69.483,SOFT,219.46527777777777,321,15.0,15.0
327,Nicholas Latifi,Williams,São Paulo Grand Prix,71.0,4224.095555555554,69.897,SOFT,218.95189003436425,323,16.0,16.0
328,Nikita Mazepin,Haas F1 Team,São Paulo Grand Prix,71.0,4224.095555555554,70.589,SOFT,216.82935153583617,325,19.0,17.0
329,Mick Schumacher,Haas F1 Team,São Paulo Grand Prix,71.0,4224.095555555554,70.329,SOFT,217.15068493150685,325,18.0,18.0
330,Daniel Ricciardo,McLaren,São Paulo Grand Prix,71.0,4224.095555555554,69.039,SOFT,221.40766550522648,323,11.0,19.0
331,Lance Stroll,Aston Martin,São Paulo Grand Prix,71.0,4224.095555555554,69.663,SOFT,220.1103448275862,323,14.0,20.0
332,Lewis Hamilton,Mercedes,Qatar Grand Prix,57.0,5376.540277777781,80.827,SOFT,240.43026706231453,319,1.0,1.0
333,Max Verstappen,Red Bull Racing,Qatar Grand Prix,57.0,5376.540277777781,81.282,SOFT,238.94378698224853,320,7.0,2.0
334,Fernando Alonso,Alpine,Qatar Grand Prix,57.0,5376.540277777781,81.67,SOFT,237.6705882352941,327,3.0,3.0
335,Sergio Perez,Red Bull Racing,Qatar Grand Prix,57.0,5376.540277777781,82.346,SOFT,235.72222222222223,319,11.0,4.0
336,Esteban Ocon,Alpine,Qatar Grand Prix,57.0,5376.540277777781,82.028,SOFT,236.8216374269006,325,9.0,5.0
337,Lance Stroll,Aston Martin,Qatar Grand Prix,57.0,5376.540277777781,82.46,SOFT,235.35568513119534,324,12.0,6.0
338,Carlos Sainz,Ferrari,Qatar Grand Prix,57.0,5376.540277777781,81.84,SOFT,237.27565982404693,323,5.0,7.0
339,Charles Leclerc,Ferrari,Qatar Grand Prix,57.0,5376.540277777781,82.463,SOFT,235.46491228070175,324,13.0,8.0
340,Lando Norris,McLaren,Qatar Grand Prix,57.0,5376.540277777781,81.731,SOFT,237.53529411764706,327,4.0,9.0
341,Sebastian Vettel,Aston Martin,Qatar Grand Prix,57.0,5376.540277777781,82.785,SOFT,234.5639534883721,323,10.0,10.0
342,Pierre Gasly,AlphaTauri,Qatar Grand Prix,57.0,5376.540277777781,81.64,SOFT,237.6449704142012,321,2.0,11.0
343,Daniel Ricciardo,McLaren,Qatar Grand Prix,57.0,5376.540277777781,82.597,SOFT,235.45639534883722,324,14.0,12.0
344,Yuki Tsunoda,AlphaTauri,Qatar Grand Prix,57.0,5376.540277777781,81.881,SOFT,237.28445747800586,320,8.0,13.0
345,Kimi Räikkönen,Alfa Romeo Racing,Qatar Grand Prix,57.0,5376.540277777781,83.156,SOFT,233.59420289855072,329,16.0,14.0
346,Antonio Giovinazzi,Alfa Romeo Racing,Qatar Grand Prix,57.0,5376.540277777781,83.262,SOFT,233.58260869565217,329,18.0,15.0
347,Mick Schumacher,Haas F1 Team,Qatar Grand Prix,57.0,5376.540277777781,83.407,SOFT,233.01156069364163,326,19.0,16.0
348,George Russell,Williams,Qatar Grand Prix,57.0,5376.540277777781,82.756,SOFT,234.49562682215745,321,15.0,17.0
349,Nikita Mazepin,Haas F1 Team,Qatar Grand Prix,57.0,5376.540277777781,85.859,SOFT,226.76190476190476,335,20.0,18.0
350,Nicholas Latifi,Williams,Qatar Grand Prix,57.0,5376.540277777781,83.213,SOFT,233.29275362318842,329,17.0,19.0
351,Valtteri Bottas,Mercedes,Qatar Grand Prix,57.0,5376.540277777781,81.478,SOFT,237.96153846153845,321,6.0,20.0
352,Lewis Hamilton,Mercedes,Saudi Arabian Grand Prix,50.0,6092.869999999994,87.511,SOFT,251.50824175824175,325,1.0,1.0
353,Max Verstappen,Red Bull Racing,Saudi Arabian Grand Prix,50.0,6092.869999999994,87.653,SOFT,250.95054945054946,319,3.0,2.0
354,Valtteri Bottas,Mercedes,Saudi Arabian Grand Prix,50.0,6092.869999999994,87.622,SOFT,251.42465753424656,323,2.0,3.0
355,Esteban Ocon,Alpine,Saudi Arabian Grand Prix,50.0,6092.869999999994,88.647,SOFT,247.91327913279133,322,9.0,4.0
356,Daniel Ricciardo,McLaren,Saudi Arabian Grand Prix,50.0,6092.869999999994,88.668,MEDIUM,247.27027027027026,325,11.0,5.0
357,Pierre Gasly,AlphaTauri,Saudi Arabian Grand Prix,50.0,6092.869999999994,88.125,SOFT,249.44808743169398,321,6.0,6.0
358,Charles Leclerc,Ferrari,Saudi Arabian Grand Prix,50.0,6092.869999999994,88.054,SOFT,250.22343324250681,327,4.0,7.0
359,Carlos Sainz,Ferrari,Saudi Arabian Grand Prix,50.0,6092.869999999994,113.652,MEDIUM,194.14194915254237,312,15.0,8.0
360,Antonio Giovinazzi,Alfa Romeo Racing,Saudi Arabian Grand Prix,50.0,6092.869999999994,88.754,SOFT,247.91869918699186,329,10.0,9.0
361,Lando Norris,McLaren,Saudi Arabian Grand Prix,50.0,6092.869999999994,88.18,SOFT,249.26502732240436,320,7.0,10.0
362,Lance Stroll,Aston Martin,Saudi Arabian Grand Prix,50.0,6092.869999999994,89.368,SOFT,245.8736559139785,321,18.0,11.0
363,Nicholas Latifi,Williams,Saudi Arabian Grand Prix,50.0,6092.869999999994,89.177,SOFT,246.63513513513513,320,16.0,12.0
364,Fernando Alonso,Alpine,Saudi Arabian Grand Prix,50.0,6092.869999999994,88.92,MEDIUM,247.4177897574124,321,13.0,13.0
365,Yuki Tsunoda,AlphaTauri,Saudi Arabian Grand Prix,50.0,6092.869999999994,88.442,SOFT,248.91327913279133,320,8.0,14.0
366,Kimi Räikkönen,Alfa Romeo Racing,Saudi Arabian Grand Prix,50.0,6092.869999999994,88.885,MEDIUM,247.72628726287263,325,12.0,15.0
367,Sebastian Vettel,Aston Martin,Saudi Arabian Grand Prix,50.0,6092.869999999994,89.198,SOFT,246.277628032345,321,17.0,16.0
368,Sergio Perez,Red Bull Racing,Saudi Arabian Grand Prix,50.0,6092.869999999994,88.123,SOFT,249.16986301369863,323,5.0,17.0
369,Nikita Mazepin,Haas F1 Team,Saudi Arabian Grand Prix,50.0,6092.869999999994,90.473,SOFT,243.6968085106383,325,20.0,18.0
370,George Russell,Williams,Saudi Arabian Grand Prix,50.0,6092.869999999994,89.054,MEDIUM,246.88172043010752,324,14.0,19.0
371,Mick Schumacher,Haas F1 Team,Saudi Arabian Grand Prix,50.0,6092.869999999994,89.464,SOFT,246.51075268817203,325,19.0,20.0
372,Max Verstappen,Red Bull Racing,Abu Dhabi Grand Prix,58.0,5208.163333333338,82.109,SOFT,228.53508771929825,325,1.0,1.0
373,Lewis Hamilton,Mercedes,Abu Dhabi Grand Prix,58.0,5208.163333333338,82.48,SOFT,228.19590643274853,321,2.0,2.0
374,Carlos Sainz,Ferrari,Abu Dhabi Grand Prix,58.0,5208.163333333338,82.992,SOFT,226.83236994219652,323,5.0,3.0
375,Yuki Tsunoda,AlphaTauri,Abu Dhabi Grand Prix,58.0,5208.163333333338,83.22,SOFT,226.27745664739885,324,8.0,4.0
376,Pierre Gasly,AlphaTauri,Abu Dhabi Grand Prix,58.0,5208.163333333338,84.043,MEDIUM,224.83142857142857,323,12.0,5.0
377,Valtteri Bottas,Mercedes,Abu Dhabi Grand Prix,58.0,5208.163333333338,83.036,SOFT,226.61159420289854,321,6.0,6.0
378,Lando Norris,McLaren,Abu Dhabi Grand Prix,58.0,5208.163333333338,82.931,SOFT,226.66086956521738,322,3.0,7.0
379,Fernando Alonso,Alpine,Abu Dhabi Grand Prix,58.0,5208.163333333338,83.46,SOFT,225.51008645533142,325,11.0,8.0
380,Esteban Ocon,Alpine,Abu Dhabi Grand Prix,58.0,5208.163333333338,83.389,SOFT,225.83045977011494,326,9.0,9.0
381,Charles Leclerc,Ferrari,Abu Dhabi Grand Prix,58.0,5208.163333333338,83.122,SOFT,226.82080924855492,324,7.0,10.0
382,Sebastian Vettel,Aston Martin,Abu Dhabi Grand Prix,58.0,5208.163333333338,84.305,SOFT,223.58857142857144,318,15.0,11.0
383,Daniel Ricciardo,McLaren,Abu Dhabi Grand Prix,58.0,5208.163333333338,83.409,SOFT,225.65706051873198,322,10.0,12.0
384,Lance Stroll,Aston Martin,Abu Dhabi Grand Prix,58.0,5208.163333333338,84.066,SOFT,223.90857142857143,322,13.0,13.0
385,Mick Schumacher,Haas F1 Team,Abu Dhabi Grand Prix,58.0,5208.163333333338,84.906,SOFT,222.20679886685554,326,19.0,14.0
386,Sergio Perez,Red Bull Racing,Abu Dhabi Grand Prix,58.0,5208.163333333338,82.947,SOFT,226.8463768115942,328,4.0,15.0
387,Nicholas Latifi,Williams,Abu Dhabi Grand Prix,58.0,5208.163333333338,84.338,SOFT,223.2962962962963,324,16.0,16.0
388,Antonio Giovinazzi,Alfa Romeo Racing,Abu Dhabi Grand Prix,58.0,5208.163333333338,84.251,MEDIUM,224.02564102564102,326,14.0,17.0
389,George Russell,Williams,Abu Dhabi Grand Prix,58.0,5208.163333333338,84.423,SOFT,222.28774928774928,324,17.0,18.0
390,Kimi Räikkönen,Alfa Romeo Racing,Abu Dhabi Grand Prix,58.0,5208.163333333338,84.779,SOFT,221.75354107648724,324,18.0,19.0
